title,content
Artificial Intelligence,Artificial intelligence refers to machines that simulate human intelligence and perform tasks such as learning reasoning and problem solving.
Machine Learning,Machine learning is a subset of AI that enables computers to learn patterns from data without explicit programming.
Deep Learning,Deep learning is a machine learning technique using neural networks with multiple layers to process complex data.
Natural Language Processing,Natural language processing allows computers to understand interpret and generate human language.
Computer Vision,Computer vision enables machines to interpret and analyze visual information from images and videos.
Data Science,Data science involves collecting processing and analyzing data to extract useful insights.
Python Programming,Python is a popular programming language widely used in data science artificial intelligence and web development.
Cloud Computing,Cloud computing provides computing services such as servers storage and databases over the internet.
Docker Containers,Docker allows developers to package applications and their dependencies into containers.
Kubernetes,Kubernetes is a system for managing containerized applications across multiple machines.
Cybersecurity,Cybersecurity involves protecting systems networks and programs from digital attacks.
Blockchain Technology,Blockchain is a distributed ledger technology that records transactions securely and transparently.
Internet of Things,The Internet of Things refers to physical devices connected to the internet that collect and exchange data.
Big Data,Big data refers to extremely large datasets that require advanced tools and techniques for processing.
Data Visualization,Data visualization is the graphical representation of data using charts graphs and dashboards.
Recommendation Systems,Recommendation systems suggest products movies or content based on user preferences and behavior.
Chatbots,Chatbots are software applications that simulate conversations with users using text or voice interfaces.
Autonomous Vehicles,Autonomous vehicles are self driving cars that use sensors machine learning and computer vision.
Robotics,Robotics involves designing building and operating robots to perform automated tasks.
Augmented Reality,Augmented reality overlays digital information onto the real world through devices like smartphones or glasses.
Virtual Reality,Virtual reality creates immersive digital environments that users can interact with using specialized devices.
Edge Computing,Edge computing processes data closer to the source instead of relying entirely on cloud servers.
Quantum Computing,Quantum computing uses quantum mechanics principles to perform complex computations faster than classical computers.
DevOps,DevOps is a set of practices that combines software development and IT operations to shorten development cycles.
Software Testing,Software testing ensures that applications function correctly and meet requirements before deployment.